<profile version="1.0">
  <option name="myName" value="Default" />
  <inspection_tool class="PyInterpreterInspection" enabled="false" level="WARNING" enabled_by_default="false" />
  <inspection_tool class="PyPackageRequirementsInspection" enabled="true" level="WARNING" enabled_by_default="true">
    <option name="ignoredPackages">
      <value>
        <list size="12">
          <item index="0" class="java.lang.String" itemvalue="protobuf" />
          <item index="1" class="java.lang.String" itemvalue="six" />
          <item index="2" class="java.lang.String" itemvalue="requests" />
          <item index="3" class="java.lang.String" itemvalue="mysql-connector-python" />
          <item index="4" class="java.lang.String" itemvalue="gevent-eventemitter" />
          <item index="5" class="java.lang.String" itemvalue="chardet" />
          <item index="6" class="java.lang.String" itemvalue="pycryptodomex" />
          <item index="7" class="java.lang.String" itemvalue="certifi" />
          <item index="8" class="java.lang.String" itemvalue="vdf" />
          <item index="9" class="java.lang.String" itemvalue="gevent" />
          <item index="10" class="java.lang.String" itemvalue="urllib3" />
          <item index="11" class="java.lang.String" itemvalue="idna" />
        </list>
      </value>
    </option>
  </inspection_tool>
</profile>