<application>
  <component name="ProjectJdkTable">
    <jdk version="2">
      <name value="Pipenv (FakeViewers)" />
      <type value="Python SDK" />
      <version value="Python 3.7.4" />
      <homePath value="$USER_HOME$/.local/share/virtualenvs/FakeViewers-M3Sk2saz/bin/python" />
      <roots>
        <classPath>
          <root type="composite">
            <root url="file://$USER_HOME$/.local/share/virtualenvs/FakeViewers-M3Sk2saz/lib/python3.7" type="simple" />
            <root url="file://$USER_HOME$/.local/share/virtualenvs/FakeViewers-M3Sk2saz/lib/python3.7/lib-dynload" type="simple" />
            <root url="file:///usr/lib64/python3.7" type="simple" />
            <root url="file:///usr/lib/python3.7" type="simple" />
            <root url="file://$USER_HOME$/.local/share/virtualenvs/FakeViewers-M3Sk2saz/lib/python3.7/site-packages" type="simple" />
            <root url="file://$USER_HOME$/.PyCharm2019.2/system/python_stubs/-1363132645" type="simple" />
            <root url="file://$APPLICATION_HOME_DIR$/helpers/python-skeletons" type="simple" />
            <root url="file://$APPLICATION_HOME_DIR$/helpers/typeshed/stdlib/3" type="simple" />
            <root url="file://$APPLICATION_HOME_DIR$/helpers/typeshed/stdlib/2and3" type="simple" />
            <root url="file://$APPLICATION_HOME_DIR$/helpers/typeshed/third_party/3" type="simple" />
            <root url="file://$APPLICATION_HOME_DIR$/helpers/typeshed/third_party/2and3" type="simple" />
          </root>
        </classPath>
        <sourcePath>
          <root type="composite" />
        </sourcePath>
      </roots>
      <additional ASSOCIATED_PROJECT_PATH="$USER_HOME$/Work/Projects/Python/FakeViewers" IS_PIPENV="true" />
    </jdk>
    <jdk version="2">
      <name value="Pipenv (viewerbot)" />
      <type value="Python SDK" />
      <version value="Python 3.7.4" />
      <homePath value="$USER_HOME$/.local/share/virtualenvs/viewerbot-7BwqsL24/bin/python" />
      <roots>
        <classPath>
          <root type="composite">
            <root url="file://$USER_HOME$/.local/share/virtualenvs/viewerbot-7BwqsL24/lib/python3.7" type="simple" />
            <root url="file://$USER_HOME$/.local/share/virtualenvs/viewerbot-7BwqsL24/lib/python3.7/lib-dynload" type="simple" />
            <root url="file:///usr/lib64/python3.7" type="simple" />
            <root url="file:///usr/lib/python3.7" type="simple" />
            <root url="file://$USER_HOME$/.local/share/virtualenvs/viewerbot-7BwqsL24/lib/python3.7/site-packages" type="simple" />
            <root url="file://$USER_HOME$/.PyCharm2019.2/system/python_stubs/664448540" type="simple" />
            <root url="file://$APPLICATION_HOME_DIR$/helpers/python-skeletons" type="simple" />
            <root url="file://$APPLICATION_HOME_DIR$/helpers/typeshed/stdlib/3" type="simple" />
            <root url="file://$APPLICATION_HOME_DIR$/helpers/typeshed/stdlib/2and3" type="simple" />
            <root url="file://$APPLICATION_HOME_DIR$/helpers/typeshed/third_party/3" type="simple" />
            <root url="file://$APPLICATION_HOME_DIR$/helpers/typeshed/third_party/2and3" type="simple" />
          </root>
        </classPath>
        <sourcePath>
          <root type="composite" />
        </sourcePath>
      </roots>
      <additional ASSOCIATED_PROJECT_PATH="$USER_HOME$/PycharmProjects/viewerbot" IS_PIPENV="true" />
    </jdk>
    <jdk version="2">
      <name value="Pipenv (OnlineStream)" />
      <type value="Python SDK" />
      <version value="Python 3.7.4" />
      <homePath value="$USER_HOME$/.local/share/virtualenvs/OnlineStream-fHUIcVg1/bin/python" />
      <roots>
        <classPath>
          <root type="composite">
            <root url="file://$USER_HOME$/.local/share/virtualenvs/OnlineStream-fHUIcVg1/lib/python3.7" type="simple" />
            <root url="file://$USER_HOME$/.local/share/virtualenvs/OnlineStream-fHUIcVg1/lib/python3.7/lib-dynload" type="simple" />
            <root url="file:///usr/lib64/python3.7" type="simple" />
            <root url="file:///usr/lib/python3.7" type="simple" />
            <root url="file://$USER_HOME$/.local/share/virtualenvs/OnlineStream-fHUIcVg1/lib/python3.7/site-packages" type="simple" />
            <root url="file://$USER_HOME$/.PyCharm2019.2/system/python_stubs/687233541" type="simple" />
            <root url="file://$APPLICATION_HOME_DIR$/helpers/python-skeletons" type="simple" />
            <root url="file://$APPLICATION_HOME_DIR$/helpers/typeshed/stdlib/3" type="simple" />
            <root url="file://$APPLICATION_HOME_DIR$/helpers/typeshed/stdlib/2and3" type="simple" />
            <root url="file://$APPLICATION_HOME_DIR$/helpers/typeshed/third_party/3" type="simple" />
            <root url="file://$APPLICATION_HOME_DIR$/helpers/typeshed/third_party/2and3" type="simple" />
          </root>
        </classPath>
        <sourcePath>
          <root type="composite" />
        </sourcePath>
      </roots>
      <additional ASSOCIATED_PROJECT_PATH="$USER_HOME$/PycharmProjects/OnlineStream" IS_PIPENV="true" />
    </jdk>
    <jdk version="2">
      <name value="Pipenv (ModeratorBot)" />
      <type value="Python SDK" />
      <version value="Python 3.7.4" />
      <homePath value="$USER_HOME$/.local/share/virtualenvs/ModeratorBot-bjGtA35y/bin/python" />
      <roots>
        <classPath>
          <root type="composite">
            <root url="file://$USER_HOME$/.local/share/virtualenvs/ModeratorBot-bjGtA35y/lib/python3.7" type="simple" />
            <root url="file://$USER_HOME$/.local/share/virtualenvs/ModeratorBot-bjGtA35y/lib/python3.7/lib-dynload" type="simple" />
            <root url="file:///usr/lib64/python3.7" type="simple" />
            <root url="file:///usr/lib/python3.7" type="simple" />
            <root url="file://$USER_HOME$/.local/share/virtualenvs/ModeratorBot-bjGtA35y/lib/python3.7/site-packages" type="simple" />
            <root url="file://$USER_HOME$/.PyCharm2019.2/system/python_stubs/-1166545668" type="simple" />
            <root url="file://$APPLICATION_HOME_DIR$/helpers/python-skeletons" type="simple" />
            <root url="file://$APPLICATION_HOME_DIR$/helpers/typeshed/stdlib/3" type="simple" />
            <root url="file://$APPLICATION_HOME_DIR$/helpers/typeshed/stdlib/2and3" type="simple" />
            <root url="file://$APPLICATION_HOME_DIR$/helpers/typeshed/third_party/3" type="simple" />
            <root url="file://$APPLICATION_HOME_DIR$/helpers/typeshed/third_party/2and3" type="simple" />
          </root>
        </classPath>
        <sourcePath>
          <root type="composite" />
        </sourcePath>
      </roots>
      <additional ASSOCIATED_PROJECT_PATH="$USER_HOME$/PycharmProjects/ModeratorBot" IS_PIPENV="true" />
    </jdk>
    <jdk version="2">
      <name value="Pipenv (EnglishVideoGenerator)" />
      <type value="Python SDK" />
      <version value="Python 3.7.4" />
      <homePath value="$USER_HOME$/.local/share/virtualenvs/EnglishVideoGenerator-8qTxhC8z/bin/python" />
      <roots>
        <classPath>
          <root type="composite">
            <root url="file://$USER_HOME$/.local/share/virtualenvs/EnglishVideoGenerator-8qTxhC8z/lib/python3.7" type="simple" />
            <root url="file://$USER_HOME$/.local/share/virtualenvs/EnglishVideoGenerator-8qTxhC8z/lib/python3.7/lib-dynload" type="simple" />
            <root url="file:///usr/lib64/python3.7" type="simple" />
            <root url="file:///usr/lib/python3.7" type="simple" />
            <root url="file://$USER_HOME$/.local/share/virtualenvs/EnglishVideoGenerator-8qTxhC8z/lib/python3.7/site-packages" type="simple" />
            <root url="file://$USER_HOME$/.PyCharm2019.2/system/python_stubs/-739956299" type="simple" />
            <root url="file://$APPLICATION_HOME_DIR$/helpers/python-skeletons" type="simple" />
            <root url="file://$APPLICATION_HOME_DIR$/helpers/typeshed/stdlib/3" type="simple" />
            <root url="file://$APPLICATION_HOME_DIR$/helpers/typeshed/stdlib/2and3" type="simple" />
            <root url="file://$APPLICATION_HOME_DIR$/helpers/typeshed/third_party/3" type="simple" />
            <root url="file://$APPLICATION_HOME_DIR$/helpers/typeshed/third_party/2and3" type="simple" />
          </root>
        </classPath>
        <sourcePath>
          <root type="composite" />
        </sourcePath>
      </roots>
      <additional ASSOCIATED_PROJECT_PATH="$USER_HOME$/PycharmProjects/EnglishVideoGenerator" IS_PIPENV="true" />
    </jdk>
    <jdk version="2">
      <name value="Python 3.7" />
      <type value="Python SDK" />
      <version value="Python 3.7.4" />
      <homePath value="/usr/bin/python3.7" />
      <roots>
        <classPath>
          <root type="composite">
            <root url="file:///usr/lib/python3.7" type="simple" />
            <root url="file:///usr/lib/python3.7/lib-dynload" type="simple" />
            <root url="file://$USER_HOME$/.local/lib/python3.7/site-packages" type="simple" />
            <root url="file:///usr/lib/python3.7/site-packages" type="simple" />
            <root url="file://$USER_HOME$/.PyCharm2019.2/system/python_stubs/-1247971762" type="simple" />
            <root url="file://$APPLICATION_HOME_DIR$/helpers/python-skeletons" type="simple" />
            <root url="file://$APPLICATION_HOME_DIR$/helpers/typeshed/stdlib/3" type="simple" />
            <root url="file://$APPLICATION_HOME_DIR$/helpers/typeshed/stdlib/2and3" type="simple" />
            <root url="file://$APPLICATION_HOME_DIR$/helpers/typeshed/third_party/3" type="simple" />
            <root url="file://$APPLICATION_HOME_DIR$/helpers/typeshed/third_party/2and3" type="simple" />
          </root>
        </classPath>
        <sourcePath>
          <root type="composite" />
        </sourcePath>
      </roots>
      <additional />
    </jdk>
    <jdk version="2">
      <name value="Pipenv (check_new_calladmins)" />
      <type value="Python SDK" />
      <version value="Python 3.7.4" />
      <homePath value="$USER_HOME$/.local/share/virtualenvs/check_new_calladmins-gd8c6YkR/bin/python" />
      <roots>
        <classPath>
          <root type="composite">
            <root url="file://$USER_HOME$/.local/share/virtualenvs/check_new_calladmins-gd8c6YkR/lib/python3.7" type="simple" />
            <root url="file://$USER_HOME$/.local/share/virtualenvs/check_new_calladmins-gd8c6YkR/lib/python3.7/lib-dynload" type="simple" />
            <root url="file:///usr/lib64/python3.7" type="simple" />
            <root url="file:///usr/lib/python3.7" type="simple" />
            <root url="file://$USER_HOME$/.local/share/virtualenvs/check_new_calladmins-gd8c6YkR/lib/python3.7/site-packages" type="simple" />
            <root url="file://$USER_HOME$/.PyCharm2019.2/system/python_stubs/-1101371381" type="simple" />
            <root url="file://$APPLICATION_HOME_DIR$/helpers/python-skeletons" type="simple" />
            <root url="file://$APPLICATION_HOME_DIR$/helpers/typeshed/stdlib/3" type="simple" />
            <root url="file://$APPLICATION_HOME_DIR$/helpers/typeshed/stdlib/2and3" type="simple" />
            <root url="file://$APPLICATION_HOME_DIR$/helpers/typeshed/third_party/3" type="simple" />
            <root url="file://$APPLICATION_HOME_DIR$/helpers/typeshed/third_party/2and3" type="simple" />
          </root>
        </classPath>
        <sourcePath>
          <root type="composite" />
        </sourcePath>
      </roots>
      <additional ASSOCIATED_PROJECT_PATH="$USER_HOME$/PycharmProjects/check_new_calladmins" IS_PIPENV="true" />
    </jdk>
    <jdk version="2">
      <name value="Pipenv (untitled)" />
      <type value="Python SDK" />
      <version value="Python 3.7.4" />
      <homePath value="$USER_HOME$/.local/share/virtualenvs/untitled-lhlLJJgr/bin/python" />
      <roots>
        <classPath>
          <root type="composite">
            <root url="file://$USER_HOME$/.local/share/virtualenvs/untitled-lhlLJJgr/lib/python3.7" type="simple" />
            <root url="file://$USER_HOME$/.local/share/virtualenvs/untitled-lhlLJJgr/lib/python3.7/lib-dynload" type="simple" />
            <root url="file:///usr/lib64/python3.7" type="simple" />
            <root url="file:///usr/lib/python3.7" type="simple" />
            <root url="file://$USER_HOME$/.local/share/virtualenvs/untitled-lhlLJJgr/lib/python3.7/site-packages" type="simple" />
            <root url="file://$USER_HOME$/.PyCharm2019.2/system/python_stubs/1547083011" type="simple" />
            <root url="file://$APPLICATION_HOME_DIR$/helpers/python-skeletons" type="simple" />
            <root url="file://$APPLICATION_HOME_DIR$/helpers/typeshed/stdlib/3" type="simple" />
            <root url="file://$APPLICATION_HOME_DIR$/helpers/typeshed/stdlib/2and3" type="simple" />
            <root url="file://$APPLICATION_HOME_DIR$/helpers/typeshed/third_party/3" type="simple" />
            <root url="file://$APPLICATION_HOME_DIR$/helpers/typeshed/third_party/2and3" type="simple" />
          </root>
        </classPath>
        <sourcePath>
          <root type="composite" />
        </sourcePath>
      </roots>
      <additional ASSOCIATED_PROJECT_PATH="$USER_HOME$/PycharmProjects/untitled" IS_PIPENV="true" />
    </jdk>
    <jdk version="2">
      <name value="Pipenv (auto_backend)" />
      <type value="Python SDK" />
      <version value="Python 3.7.4" />
      <homePath value="$USER_HOME$/.local/share/virtualenvs/auto_backend-HwoccKNu/bin/python" />
      <roots>
        <classPath>
          <root type="composite">
            <root url="file://$USER_HOME$/.local/share/virtualenvs/auto_backend-HwoccKNu/lib/python3.7" type="simple" />
            <root url="file://$USER_HOME$/.local/share/virtualenvs/auto_backend-HwoccKNu/lib/python3.7/lib-dynload" type="simple" />
            <root url="file:///usr/lib64/python3.7" type="simple" />
            <root url="file:///usr/lib/python3.7" type="simple" />
            <root url="file://$USER_HOME$/.local/share/virtualenvs/auto_backend-HwoccKNu/lib/python3.7/site-packages" type="simple" />
            <root url="file://$USER_HOME$/.PyCharm2019.2/system/python_stubs/2023066711" type="simple" />
            <root url="file://$APPLICATION_HOME_DIR$/helpers/python-skeletons" type="simple" />
            <root url="file://$APPLICATION_HOME_DIR$/helpers/typeshed/stdlib/3" type="simple" />
            <root url="file://$APPLICATION_HOME_DIR$/helpers/typeshed/stdlib/2and3" type="simple" />
            <root url="file://$APPLICATION_HOME_DIR$/helpers/typeshed/third_party/3" type="simple" />
            <root url="file://$APPLICATION_HOME_DIR$/helpers/typeshed/third_party/2and3" type="simple" />
          </root>
        </classPath>
        <sourcePath>
          <root type="composite" />
        </sourcePath>
      </roots>
      <additional ASSOCIATED_PROJECT_PATH="$USER_HOME$/PycharmProjects/auto_backend" IS_PIPENV="true" />
    </jdk>
    <jdk version="2">
      <name value="Pipenv (auto_back)" />
      <type value="Python SDK" />
      <version value="Python 3.7.4" />
      <homePath value="$USER_HOME$/.local/share/virtualenvs/auto_back-yWibAfcg/bin/python" />
      <roots>
        <classPath>
          <root type="composite">
            <root url="file://$USER_HOME$/.local/share/virtualenvs/auto_back-yWibAfcg/lib/python3.7" type="simple" />
            <root url="file://$USER_HOME$/.local/share/virtualenvs/auto_back-yWibAfcg/lib/python3.7/lib-dynload" type="simple" />
            <root url="file:///usr/lib64/python3.7" type="simple" />
            <root url="file:///usr/lib/python3.7" type="simple" />
            <root url="file://$USER_HOME$/.local/share/virtualenvs/auto_back-yWibAfcg/lib/python3.7/site-packages" type="simple" />
            <root url="file://$USER_HOME$/.PyCharm2019.2/system/python_stubs/-1880130978" type="simple" />
            <root url="file://$APPLICATION_HOME_DIR$/helpers/python-skeletons" type="simple" />
            <root url="file://$APPLICATION_HOME_DIR$/helpers/typeshed/stdlib/3" type="simple" />
            <root url="file://$APPLICATION_HOME_DIR$/helpers/typeshed/stdlib/2and3" type="simple" />
            <root url="file://$APPLICATION_HOME_DIR$/helpers/typeshed/third_party/3" type="simple" />
            <root url="file://$APPLICATION_HOME_DIR$/helpers/typeshed/third_party/2and3" type="simple" />
          </root>
        </classPath>
        <sourcePath>
          <root type="composite" />
        </sourcePath>
      </roots>
      <additional ASSOCIATED_PROJECT_PATH="$USER_HOME$/PycharmProjects/auto_back" IS_PIPENV="true" />
    </jdk>
    <jdk version="2">
      <name value="Pipenv (csgo_update)" />
      <type value="Python SDK" />
      <version value="Python 3.7.4" />
      <homePath value="$USER_HOME$/.local/share/virtualenvs/csgo_update-h3tBrSl6/bin/python" />
      <roots>
        <classPath>
          <root type="composite">
            <root url="file://$USER_HOME$/.local/share/virtualenvs/csgo_update-h3tBrSl6/lib/python3.7" type="simple" />
            <root url="file://$USER_HOME$/.local/share/virtualenvs/csgo_update-h3tBrSl6/lib/python3.7/lib-dynload" type="simple" />
            <root url="file:///usr/lib64/python3.7" type="simple" />
            <root url="file:///usr/lib/python3.7" type="simple" />
            <root url="file://$USER_HOME$/.local/share/virtualenvs/csgo_update-h3tBrSl6/lib/python3.7/site-packages" type="simple" />
            <root url="file://$USER_HOME$/.PyCharm2019.2/system/python_stubs/-1977047373" type="simple" />
            <root url="file://$APPLICATION_HOME_DIR$/helpers/python-skeletons" type="simple" />
            <root url="file://$APPLICATION_HOME_DIR$/helpers/typeshed/stdlib/3" type="simple" />
            <root url="file://$APPLICATION_HOME_DIR$/helpers/typeshed/stdlib/2and3" type="simple" />
            <root url="file://$APPLICATION_HOME_DIR$/helpers/typeshed/third_party/3" type="simple" />
            <root url="file://$APPLICATION_HOME_DIR$/helpers/typeshed/third_party/2and3" type="simple" />
          </root>
        </classPath>
        <sourcePath>
          <root type="composite" />
        </sourcePath>
      </roots>
      <additional ASSOCIATED_PROJECT_PATH="$USER_HOME$/PycharmProjects/csgo_update" IS_PIPENV="true" />
    </jdk>
    <jdk version="2">
      <name value="Pipenv (ws_example)" />
      <type value="Python SDK" />
      <version value="Python 3.7.4" />
      <homePath value="$USER_HOME$/.local/share/virtualenvs/ws_example-2jGmETac/bin/python" />
      <roots>
        <classPath>
          <root type="composite">
            <root url="file://$USER_HOME$/.local/share/virtualenvs/ws_example-2jGmETac/lib/python3.7" type="simple" />
            <root url="file://$USER_HOME$/.local/share/virtualenvs/ws_example-2jGmETac/lib/python3.7/lib-dynload" type="simple" />
            <root url="file:///usr/lib64/python3.7" type="simple" />
            <root url="file:///usr/lib/python3.7" type="simple" />
            <root url="file://$USER_HOME$/.local/share/virtualenvs/ws_example-2jGmETac/lib/python3.7/site-packages" type="simple" />
            <root url="file://$USER_HOME$/.PyCharm2019.2/system/python_stubs/977884637" type="simple" />
            <root url="file://$APPLICATION_HOME_DIR$/helpers/python-skeletons" type="simple" />
            <root url="file://$APPLICATION_HOME_DIR$/helpers/typeshed/stdlib/3" type="simple" />
            <root url="file://$APPLICATION_HOME_DIR$/helpers/typeshed/stdlib/2and3" type="simple" />
            <root url="file://$APPLICATION_HOME_DIR$/helpers/typeshed/third_party/3" type="simple" />
            <root url="file://$APPLICATION_HOME_DIR$/helpers/typeshed/third_party/2and3" type="simple" />
          </root>
        </classPath>
        <sourcePath>
          <root type="composite" />
        </sourcePath>
      </roots>
      <additional ASSOCIATED_PROJECT_PATH="$USER_HOME$/PycharmProjects/ws_example" IS_PIPENV="true" />
    </jdk>
    <jdk version="2">
      <name value="Pipenv (TCP_test)" />
      <type value="Python SDK" />
      <version value="Python 3.7.4" />
      <homePath value="$USER_HOME$/.local/share/virtualenvs/TCP_test-iiypo3xS/bin/python" />
      <roots>
        <classPath>
          <root type="composite">
            <root url="file://$USER_HOME$/.local/share/virtualenvs/TCP_test-iiypo3xS/lib/python3.7" type="simple" />
            <root url="file://$USER_HOME$/.local/share/virtualenvs/TCP_test-iiypo3xS/lib/python3.7/lib-dynload" type="simple" />
            <root url="file:///usr/lib64/python3.7" type="simple" />
            <root url="file:///usr/lib/python3.7" type="simple" />
            <root url="file://$USER_HOME$/.local/share/virtualenvs/TCP_test-iiypo3xS/lib/python3.7/site-packages" type="simple" />
            <root url="file://$USER_HOME$/.PyCharm2019.2/system/python_stubs/677928799" type="simple" />
            <root url="file://$APPLICATION_HOME_DIR$/helpers/python-skeletons" type="simple" />
            <root url="file://$APPLICATION_HOME_DIR$/helpers/typeshed/stdlib/3" type="simple" />
            <root url="file://$APPLICATION_HOME_DIR$/helpers/typeshed/stdlib/2and3" type="simple" />
            <root url="file://$APPLICATION_HOME_DIR$/helpers/typeshed/third_party/3" type="simple" />
            <root url="file://$APPLICATION_HOME_DIR$/helpers/typeshed/third_party/2and3" type="simple" />
          </root>
        </classPath>
        <sourcePath>
          <root type="composite" />
        </sourcePath>
      </roots>
      <additional ASSOCIATED_PROJECT_PATH="$USER_HOME$/Work/Projects/Python/TCP_test" IS_PIPENV="true" />
    </jdk>
    <jdk version="2">
      <name value="Pipenv (csgo-weapons-plugin)" />
      <type value="Python SDK" />
      <version value="Python 3.7.4" />
      <homePath value="$USER_HOME$/.local/share/virtualenvs/csgo-weapons-plugin-t3YYUdZo/bin/python" />
      <roots>
        <classPath>
          <root type="composite">
            <root url="file://$USER_HOME$/.local/share/virtualenvs/csgo-weapons-plugin-t3YYUdZo/lib/python3.7" type="simple" />
            <root url="file://$USER_HOME$/.local/share/virtualenvs/csgo-weapons-plugin-t3YYUdZo/lib/python3.7/lib-dynload" type="simple" />
            <root url="file:///usr/lib64/python3.7" type="simple" />
            <root url="file:///usr/lib/python3.7" type="simple" />
            <root url="file://$USER_HOME$/.local/share/virtualenvs/csgo-weapons-plugin-t3YYUdZo/lib/python3.7/site-packages" type="simple" />
            <root url="file://$USER_HOME$/.PyCharm2019.2/system/python_stubs/-1518503070" type="simple" />
            <root url="file://$APPLICATION_HOME_DIR$/helpers/python-skeletons" type="simple" />
            <root url="file://$APPLICATION_HOME_DIR$/helpers/typeshed/stdlib/3" type="simple" />
            <root url="file://$APPLICATION_HOME_DIR$/helpers/typeshed/stdlib/2and3" type="simple" />
            <root url="file://$APPLICATION_HOME_DIR$/helpers/typeshed/third_party/3" type="simple" />
            <root url="file://$APPLICATION_HOME_DIR$/helpers/typeshed/third_party/2and3" type="simple" />
          </root>
        </classPath>
        <sourcePath>
          <root type="composite" />
        </sourcePath>
      </roots>
      <additional ASSOCIATED_PROJECT_PATH="$USER_HOME$/Work/Projects/Python/csgo-weapons-plugin" IS_PIPENV="true" />
    </jdk>
    <jdk version="2">
      <name value="Pipenv (InstaBot)" />
      <type value="Python SDK" />
      <version value="Python 3.7.4" />
      <homePath value="$USER_HOME$/.local/share/virtualenvs/InstaBot-2di8n7Nd/bin/python" />
      <roots>
        <classPath>
          <root type="composite">
            <root url="file://$USER_HOME$/.local/share/virtualenvs/InstaBot-2di8n7Nd/lib/python3.7" type="simple" />
            <root url="file://$USER_HOME$/.local/share/virtualenvs/InstaBot-2di8n7Nd/lib/python3.7/lib-dynload" type="simple" />
            <root url="file:///usr/lib64/python3.7" type="simple" />
            <root url="file:///usr/lib/python3.7" type="simple" />
            <root url="file://$USER_HOME$/.local/share/virtualenvs/InstaBot-2di8n7Nd/lib/python3.7/site-packages" type="simple" />
            <root url="file://$USER_HOME$/.PyCharm2019.2/system/python_stubs/-1146558831" type="simple" />
            <root url="file://$APPLICATION_HOME_DIR$/helpers/python-skeletons" type="simple" />
            <root url="file://$APPLICATION_HOME_DIR$/helpers/typeshed/stdlib/3" type="simple" />
            <root url="file://$APPLICATION_HOME_DIR$/helpers/typeshed/stdlib/2and3" type="simple" />
            <root url="file://$APPLICATION_HOME_DIR$/helpers/typeshed/third_party/3" type="simple" />
            <root url="file://$APPLICATION_HOME_DIR$/helpers/typeshed/third_party/2and3" type="simple" />
          </root>
        </classPath>
        <sourcePath>
          <root type="composite" />
        </sourcePath>
      </roots>
      <additional ASSOCIATED_PROJECT_PATH="$USER_HOME$/Work/Projects/Python/InstaBot" IS_PIPENV="true" />
    </jdk>
    <jdk version="2">
      <name value="Pipenv (csgo_autoupdater)" />
      <type value="Python SDK" />
      <version value="Python 3.7.4" />
      <homePath value="$USER_HOME$/.local/share/virtualenvs/csgo_autoupdater-rjcj_Y9C/bin/python" />
      <roots>
        <classPath>
          <root type="composite">
            <root url="file://$USER_HOME$/.local/share/virtualenvs/csgo_autoupdater-rjcj_Y9C/lib/python3.7" type="simple" />
            <root url="file://$USER_HOME$/.local/share/virtualenvs/csgo_autoupdater-rjcj_Y9C/lib/python3.7/lib-dynload" type="simple" />
            <root url="file:///usr/lib64/python3.7" type="simple" />
            <root url="file:///usr/lib/python3.7" type="simple" />
            <root url="file://$USER_HOME$/.local/share/virtualenvs/csgo_autoupdater-rjcj_Y9C/lib/python3.7/site-packages" type="simple" />
            <root url="file://$USER_HOME$/.PyCharm2019.2/system/python_stubs/-1881312555" type="simple" />
            <root url="file://$APPLICATION_HOME_DIR$/helpers/python-skeletons" type="simple" />
            <root url="file://$APPLICATION_HOME_DIR$/helpers/typeshed/stdlib/3" type="simple" />
            <root url="file://$APPLICATION_HOME_DIR$/helpers/typeshed/stdlib/2and3" type="simple" />
            <root url="file://$APPLICATION_HOME_DIR$/helpers/typeshed/third_party/3" type="simple" />
            <root url="file://$APPLICATION_HOME_DIR$/helpers/typeshed/third_party/2and3" type="simple" />
          </root>
        </classPath>
        <sourcePath>
          <root type="composite" />
        </sourcePath>
      </roots>
      <additional ASSOCIATED_PROJECT_PATH="$USER_HOME$/Work/Projects/Python/csgo_autoupdater" IS_PIPENV="true" />
    </jdk>
    <jdk version="2">
      <name value="Pipenv (portal_backend)" />
      <type value="Python SDK" />
      <version value="Python 3.7.4" />
      <homePath value="$USER_HOME$/.local/share/virtualenvs/portal_backend-vCqj_gzF/bin/python" />
      <roots>
        <classPath>
          <root type="composite">
            <root url="file://$USER_HOME$/.local/share/virtualenvs/portal_backend-vCqj_gzF/lib/python3.7" type="simple" />
            <root url="file://$USER_HOME$/.local/share/virtualenvs/portal_backend-vCqj_gzF/lib/python3.7/lib-dynload" type="simple" />
            <root url="file:///usr/lib64/python3.7" type="simple" />
            <root url="file:///usr/lib/python3.7" type="simple" />
            <root url="file://$USER_HOME$/.local/share/virtualenvs/portal_backend-vCqj_gzF/lib/python3.7/site-packages" type="simple" />
            <root url="file://$USER_HOME$/.PyCharm2019.2/system/python_stubs/-1410507924" type="simple" />
            <root url="file://$APPLICATION_HOME_DIR$/helpers/python-skeletons" type="simple" />
            <root url="file://$APPLICATION_HOME_DIR$/helpers/typeshed/stdlib/3" type="simple" />
            <root url="file://$APPLICATION_HOME_DIR$/helpers/typeshed/stdlib/2and3" type="simple" />
            <root url="file://$APPLICATION_HOME_DIR$/helpers/typeshed/third_party/3" type="simple" />
            <root url="file://$APPLICATION_HOME_DIR$/helpers/typeshed/third_party/2and3" type="simple" />
          </root>
        </classPath>
        <sourcePath>
          <root type="composite" />
        </sourcePath>
      </roots>
      <additional ASSOCIATED_PROJECT_PATH="$USER_HOME$/PycharmProjects/portal_backend" IS_PIPENV="true" />
    </jdk>
    <jdk version="2">
      <name value="Pipenv (my-settings)" />
      <type value="Python SDK" />
      <version value="Python 3.7.4" />
      <homePath value="$USER_HOME$/.local/share/virtualenvs/my-settings-sSX_lelO/bin/python" />
      <roots>
        <classPath>
          <root type="composite">
            <root url="file://$USER_HOME$/.local/share/virtualenvs/my-settings-sSX_lelO/lib/python3.7" type="simple" />
            <root url="file://$USER_HOME$/.local/share/virtualenvs/my-settings-sSX_lelO/lib/python3.7/lib-dynload" type="simple" />
            <root url="file:///usr/lib64/python3.7" type="simple" />
            <root url="file:///usr/lib/python3.7" type="simple" />
            <root url="file://$USER_HOME$/.local/share/virtualenvs/my-settings-sSX_lelO/lib/python3.7/site-packages" type="simple" />
            <root url="file://$USER_HOME$/.PyCharm2019.2/system/python_stubs/1672595848" type="simple" />
            <root url="file://$APPLICATION_HOME_DIR$/helpers/python-skeletons" type="simple" />
            <root url="file://$APPLICATION_HOME_DIR$/helpers/typeshed/stdlib/3" type="simple" />
            <root url="file://$APPLICATION_HOME_DIR$/helpers/typeshed/stdlib/2and3" type="simple" />
            <root url="file://$APPLICATION_HOME_DIR$/helpers/typeshed/third_party/3" type="simple" />
            <root url="file://$APPLICATION_HOME_DIR$/helpers/typeshed/third_party/2and3" type="simple" />
          </root>
        </classPath>
        <sourcePath>
          <root type="composite" />
        </sourcePath>
      </roots>
      <additional ASSOCIATED_PROJECT_PATH="$USER_HOME$/PycharmProjects/my-settings" IS_PIPENV="true" />
    </jdk>
  </component>
</application>