<application>
  <component name="FileTypeManager" version="17">
    <ignoreFiles list="*$py.class;*.hprof;*.pyc;*.pyo;*.rbc;*.yarb;*~;.DS_Store;.git;.hg;.svn;CVS;__pycache__;_svn;vssver.scc;vssver2.scc;" />
    <extensionMap>
      <mapping pattern=".coveragerc" type="PLAIN_TEXT" />
      <mapping pattern=".retake2_ssh.key" type="PLAIN_TEXT" />
      <mapping pattern=".retake1_ssh_key" type="PLAIN_TEXT" />
      <mapping pattern=".env.example" type="PLAIN_TEXT" />
      <mapping pattern=".retake3_ssh.key" type="PLAIN_TEXT" />
      <mapping ext="sp" type="PLAIN_TEXT" />
    </extensionMap>
  </component>
</application>