<application>
  <component name="MaterialThemeConfig">
    <option name="isWizardShown" value="true" />
    <option name="overrideAccentColor" value="false" />
    <option name="pristineConfig" value="false" />
    <option name="accentColor" value="03f500" />
    <option name="highlightColor" value="80cbc4" />
    <option name="selectedTheme" value="ARC_DARK" />
    <option name="userId" value="-74cd64a5:16c71168c7c:-8000" />
    <option name="version" value="4.11.0" />
  </component>
</application>